{
  "customer_employee_id": "",
  "payment_recipient_name": "",
  "payment_recipient_kana": "",
  "affiliation_office": 0,
  "officer": 0,
  "position": "",
  "officer_change_date": "",
  "shi_name": "",
  "mei_name": "",
  "shi_kana": "",
  "mei_kana": "",
  "shi_name_old": "",
  "mei_name_old": "",
  "shi_kana_old": "",
  "mei_kana_old": "",
  "sex": 1,
  "birthday": "1990-01-01",
  "relationship": 0,
  "relationship_detail": "",
  "employees_kbn": 0,
  "zip": "",
  "prefectures": "",
  "address1": "",
  "address2": "",
  "address3": "",
  "address1_kana": "",
  "address2_kana": "",
  "address3_kana": "",
  "resident_address_kbn": 0,
  "resident_zip": "",
  "resident_prefectures": "",
  "resident_address1": "",
  "resident_address2": "",
  "resident_address3": "",
  "resident_address1_kana": "",
  "resident_address2_kana": "",
  "resident_address3_kana": "",
  "zip_old": "",
  "prefectures_old": "",
  "address1_old": "",
  "address2_old": "",
  "address3_old": "",
  "address1_kana_old": "",
  "address2_kana_old": "",
  "address3_kana_old": "",
  "output_resident_type": 0,
  "tel_division": "",
  "tel": "",
  "mail_address": "",
  "entering_company_date": "",
  "leave_company_date": "",
  "loss_qualification_reason_employ": 0,
  "loss_qualification_type": 0,
  "department": "",
  "org_name": "",
  "department_name": "",
  "transfer_date": "",
  "business_type": "",
  "commuting_fee_interval": 0,
  "commuting_fee_apportion_start_month": 1,
  "seconded_workers": 0,
  "is_foreigner": 0,
  "mynumber_needless": 0,
  "previous_job_info": "",
  "shi_name_emergency": "",
  "mei_name_emergency": "",
  "shi_kana_emergency": "",
  "mei_kana_emergency": "",
  "relation_emergency": "",
  "tel_emergency": "",
  "office_emergency": "",
  "office_tel_emergency": "",
  "select_occupation": 0,
  "student_grade": 0,
  "occupation": "",
  "living_together": 1,
  "foreigner_division": 0,
  "foreign_nationality": "",
  "roman_character_name": "",
  "nationality": "",
  "residence_card_number": "",
  "status_residence": "",
  "period_stay_to": "",
  "activity_out_qualification": 0,
  "shi_name_alias": "",
  "mei_name_alias": "",
  "shi_kana_alias": "",
  "mei_kana_alias": "",
  "income": 0,
  "si_support": 0,
  "tax_law_support": 0,
  "spouse_date": "",
  "spouse_remove_date": "",
  "tax_law_support_date": "",
  "tax_law_support_add_reason": "",
  "tax_law_support_add_reason_other": "",
  "tax_law_support_remove_date": "",
  "tax_law_support_del_reason": "",
  "tax_law_support_del_reason_other": "",
  "support_death_date": "",
  "unavailable": 0,
  "health_division": 1,
  "get_date_health": "",
  "loss_date_health": "",
  "insured_code_health": "",
  "insured_number_health": "1",
  "insured_branch_number_health": "",
  "welfare_annuity_division": 1,
  "get_date_welfare_annuity": "",
  "loss_date_welfare_annuity": "",
  "insured_code_welfare_annuity": "",
  "insured_number_welfare_annuity": "",
  "basic_pension_no": "",
  "welfare_pension_division": 0,
  "get_date_welfare_pension": "",
  "loss_date_welfare_pension": "",
  "welfare_pension_number": "",
  "classification": 1,
  "acquisition_classification_si": 0,
  "loss_cause_si": 0,
  "special_coverage_office_short_time_worker": 0,
  "special_coverage_office_short_time_worker_change_date": "",
  "two_over_office_worker": 0,
  "re_employee_after_retirement": 0,
  "monthly_remuneration_currency": 0,
  "monthly_remuneration_things": 0,
  "revision_date": "",
  "standard_monthly_remuneration": 0,
  "monthly_remuneration_hi": 0,
  "monthly_remuneration_pi": 0,
  "monthly_remuneration_others": 0,
  "salary_relation_item_personal_flag": 0,
  "is_auto_set_personal_si": 0,
  "auto_set_personal_si_prefectures": "",
  "personal_salary_revision_date": "",
  "hi_salary_employee": 0,
  "hi_salary_owner": 0,
  "hi_bonus_employee": 0,
  "hi_bonus_owner": 0,
  "ci_salary_employee": 0,
  "ci_salary_owner": 0,
  "ci_bonus_employee": 0,
  "ci_bonus_owner": 0,
  "work_stop_from": "",
  "work_stop_to": "",
  "childcare_leave_days": "",
  "giving_birthday": "",
  "maternity_leave_from": "",
  "maternity_leave_to": "",
  "care_leave_date_from": "",
  "care_leave_date_to": "",
  "other_leave_1_item": "",
  "other_leave_1_date_from": "",
  "other_leave_1_date_to": "",
  "insured_number_employ": "",
  "person_insured_division_change_date": "",
  "person_insured_division": 0,
  "voluntary": 0,
  "wci_apportionment_rate": 0,
  "wci_worker_classification_upd_date": "",
  "wci_worker_classification": 0,
  "employment_insurance_division": 1,
  "grant_date": "",
  "turnover_date": "",
  "acquisition_classification_ui": 0,
  "get_cause_ui": 0,
  "get_cause_other_ui": "",
  "loss_cause_ui": 0,
  "loss_cause_details_ui": "",
  "replenishment_adoption_plans": 0,
  "employment_status": 0,
  "job_category": 0,
  "employment_route": 0,
  "contract_period_determined": 1,
  "contract_period_from": "",
  "contract_period_to": "",
  "contract_renewal_agreement": 0,
  "normal_working_hours_day": 0,
  "normal_working_minutes_day": 0,
  "regular_working_hour": 0,
  "regular_working_minute": 0,
  "normal_working_days_month": 0,
  "dispatch_contract_working_classification": 0,
  "basic_salary_revision_date": "",
  "wage_classification": 0,
  "basic_salary_unit_price": 0,
  "monthly_wage": 0,
  "history": "",
  "memo": "",
  "municipality_mayor": "",
  "head_shi_name": "",
  "head_mei_name": "",
  "head_relationship": 0,
  "labor_student_div": 0,
  "school_name": "",
  "entering_school_date": "",
  "kind_income": 0,
  "handicapped_div": 0,
  "kind_notebook": 0,
  "etc_notebook": "",
  "issuance_date": "",
  "disability_grade": 0,
  "is_international_student": 0,
  "spouse_div": 0,
  "spouse_div_inhabitant_tax": 0,
  "widow_situation": 0,
  "overseas_separation": 0,
  "income_estimated_amount": 0,
  "income_retirement": 0,
  "remittance_amount": 0,
  "other_income": 0,
  "other_income_shi_name": "",
  "other_income_mei_name": "",
  "other_income_relationship": 0,
  "other_income_living_together": 0,
  "other_income_zip": "",
  "other_income_prefectures": "",
  "other_income_address1": "",
  "other_income_address2": "",
  "other_income_address3": "",
  "source_deduction_spouse": 0,
  "same_living_spouse_flg": 0,
  "same_living_spouse_flg_for_inhabitant_tax": 0,
  "supports_div": 0,
  "received_retirement_income_flg": 0,
  "other_income_amount": 0,
  "year_end_adjustment_division": 0,
  "year_end_adjustment_collection_method": 0,
  "ledger_flg_rom": 1,
  "ledger_flg_nmc": 0,
  "ledger_flg_ph": 0,
  "ledger_flg_wps": 0,
  "employee_support_no_memo": "",
  "business_name_shi": "",
  "business_name_mei": "",
  "business_name_shi_kana": "",
  "business_name_mei_kana": "",
  "trial_period": 0,
  "trial_period_contents": "",
  "work_place": "",
  "employee_key": "",
  "parent_employee_key": ""
}
