
{
    "host_url": "https://nkr-group.cybozu.com",
    "ids": {
      "1247": {
        "name": "URL管理アプリ",
        "api_token": "cXUtD6p8nMRlg5RbVDxUYyvsP6Equ6wo7guV6bcT",
        "guest": null
      },
      "1240": {
        "name": "連絡キャッチャー2.5",
        "api_token": "SrqWYsMhTxXcMvf7DWyZlDw8VPYYqphV9QMlDPtu",
        "guest": null
      },
      "2988": {
        "name": "App_IP_addresses",
        "api_token": "YkCdFk00GMKGMhOPXzikCNJG8433cixmPwh73LY8",
        "guest": null
      },
      "3115": {
        "name": "NKRFSV2.7従業員管理",
        "api_token": "bSu0iOhR1iv4jByWDVOjI0gr6vra2uM0oacHNcJ3",
        "guest": 380
      },
      "3193": {
        "name": "NKRFSV2.6_プルダウンメニュー管理",
        "api_token": "AgJxoh512IbFvYhjlzDKfv6lQMV9TgBioarW6ovb",
        "guest": null
      },
      "3443": {
        "name": "mail_reminder",
        "api_token": "t1Cv97NfG2mcadUVNcXqMTq8W1Y2tgheabdJqpYk",
        "guest": null
      },
      "3524":{
        "name": "帳票フィールド管理アプリ",
        "api_token": "zTUEi62SbG9399HosOGAzO2Fa9mttZHWHACUmRc3",
        "guest": 389
      },
      "3253": {
        "name": "NKRFSV2.7連絡キャッチャー",
        "api_token": "V0nj6LbZ7o4DbzGhWP09jNJFXLyejvukBoZxZDLj",
        "guest": null
      },
      "3439": {
        "name": "NKRFSV2.7従業員管理",
        "api_token": "2gBckWegrxGne05dnpdYPG47gZ610D3JaRydiEXz",
        "guest": 389
      },
      "3202": {
        "name": "NKRFSV2.7（76）従業員基本情報",
        "api_token": "hBnf5TPbs3lfd8NRz3yjsTsnAfUBsuhBm1kJxlDx",
        "guest": null
      },
      "3698": {
        "name": "テストアプリ（内海）",
        "api_token": "hIPKU19wnBHbZEWpg0KBAkjue841l2JBfMJK9JhB",
        "guest": null
      }
    }
  }