[
  {
    "time": "2024-06-12T08:08:34.721Z",
    "from": "192.168.1.110",
    "originalUrl": "/sync",
    "method": "POST",
    "body": {
      "record_url": "https://nkr-group.cybozu.com/k/3202/show#record=243&l.view=6128448&l.q&l.sort_0=f2223&l.order_0=DESC&l.next=242&l.prev=0"
    },
    "referrer": "https://nkr-group.cybozu.com/",
    "statusCode": 500,
    "res": "Cannot read properties of undefined (reading 'value')"
  },
  {
    "time": "2024-06-12T08:12:40.005Z",
    "from": "192.168.1.110",
    "originalUrl": "/sync",
    "method": "POST",
    "body": {
      "record_url": "https://nkr-group.cybozu.com/k/3202/show#record=243&l.view=6128448&l.q&l.sort_0=f2223&l.order_0=DESC&l.next=242&l.prev=0"
    },
    "referrer": "https://nkr-group.cybozu.com/",
    "statusCode": 500,
    "res": "Cannot read properties of undefined (reading 'value')"
  }
]