[
  {
    "time": "2024-06-11T08:21:22.598Z",
    "from": "172.17.144.1",
    "originalUrl": "/",
    "method": "GET",
    "body": {},
    "referrer": "https://nkr-group.cybozu.com/",
    "res": "endpoint=/ is not defined in server",
    "statusCode": 404
  },
  {
    "time": "2024-06-11T08:21:22.737Z",
    "from": "172.17.144.1",
    "originalUrl": "/favicon.ico",
    "method": "GET",
    "body": {},
    "referrer": "https://192.168.1.110:3000/",
    "res": "endpoint=/favicon.ico is not defined in server",
    "statusCode": 404
  }
]