[
  {
    "time": "2024-06-12T07:39:40.456Z",
    "from": "192.168.1.110",
    "originalUrl": "/sync",
    "method": "POST",
    "body": {
      "record_url": "https://nkr-group.cybozu.com/k/3202/show#record=243&l.view=6128448&l.q&l.sort_0=f2223&l.order_0=DESC&l.next=242&l.prev=0"
    },
    "referrer": "https://nkr-group.cybozu.com/",
    "statusCode": 500,
    "res": "Cannot read properties of null (reading 'includes')"
  },
  {
    "time": "2024-06-12T07:41:04.002Z",
    "from": "192.168.1.110",
    "originalUrl": "/sync",
    "method": "POST",
    "body": {
      "record_url": "https://nkr-group.cybozu.com/k/1240/show#record=8835&l.sort_0=f2223&l.order_0=desc&l.size=ks1&l.view=6142425&l.q=f6135838%2520like%2520%2522%25E3%2583%25AC%25E3%2583%25B3%25E3%2582%25B7%25E3%2583%25A5%25E3%2582%25A6%2522"
    },
    "referrer": "https://nkr-group.cybozu.com/",
    "statusCode": 500,
    "res": "index number 0 employee object has not a key {shi_name}."
  },
  {
    "time": "2024-06-12T07:44:59.510Z",
    "from": "192.168.1.110",
    "originalUrl": "/sync",
    "method": "POST",
    "body": {
      "record_url": "https://nkr-group.cybozu.com/k/3202/show#record=243&l.view=6128448&l.q&l.sort_0=f2223&l.order_0=DESC&l.next=242&l.prev=0"
    },
    "referrer": "https://nkr-group.cybozu.com/",
    "statusCode": 500,
    "res": "Cannot read properties of null (reading 'includes')"
  }
]