[
  {
    "time": "2024-06-13T12:05:14.987Z",
    "from": "192.168.0.4",
    "originalUrl": "/sync",
    "method": "POST",
    "body": {
      "record_url": "https://nkr-group.cybozu.com/k/3202/show#record=245&l.view=6128448&l.q&l.sort_0=f2223&l.order_0=DESC&l.next=244&l.prev=0&mode=show"
    },
    "referrer": "https://nkr-group.cybozu.com/",
    "statusCode": 500,
    "res": "Cannot read properties of undefined (reading 'value')"
  },
  {
    "time": "2024-06-13T12:10:43.520Z",
    "from": "192.168.0.4",
    "originalUrl": "/sync",
    "method": "POST",
    "body": {
      "record_url": "https://nkr-group.cybozu.com/k/3187/show#record=1"
    },
    "referrer": "https://nkr-group.cybozu.com/",
    "statusCode": 500,
    "res": "Cannot read properties of undefined (reading 'value')"
  },
  {
    "time": "2024-06-13T12:10:45.349Z",
    "from": "192.168.0.4",
    "originalUrl": "/sync",
    "method": "POST",
    "body": {
      "record_url": "https://nkr-group.cybozu.com/k/3187/show#record=2"
    },
    "referrer": "https://nkr-group.cybozu.com/",
    "statusCode": 500,
    "res": "Cannot read properties of undefined (reading 'value')"
  },
  {
    "time": "2024-06-13T12:10:46.565Z",
    "from": "192.168.0.4",
    "originalUrl": "/sync",
    "method": "POST",
    "body": {
      "record_url": "https://nkr-group.cybozu.com/k/3187/show#record=3"
    },
    "referrer": "https://nkr-group.cybozu.com/",
    "statusCode": 500,
    "res": "Cannot read properties of undefined (reading 'value')"
  },
  {
    "time": "2024-06-13T12:10:47.557Z",
    "from": "192.168.0.4",
    "originalUrl": "/sync",
    "method": "POST",
    "body": {
      "record_url": "https://nkr-group.cybozu.com/k/3187/show#record=4"
    },
    "referrer": "https://nkr-group.cybozu.com/",
    "statusCode": 500,
    "res": "Cannot read properties of undefined (reading 'value')"
  },
  {
    "time": "2024-06-13T12:10:48.268Z",
    "from": "192.168.0.4",
    "originalUrl": "/sync",
    "method": "POST",
    "body": {
      "record_url": "https://nkr-group.cybozu.com/k/3187/show#record=5"
    },
    "referrer": "https://nkr-group.cybozu.com/",
    "statusCode": 500,
    "res": "Cannot read properties of undefined (reading 'value')"
  },
  {
    "time": "2024-06-13T12:10:49.140Z",
    "from": "192.168.0.4",
    "originalUrl": "/sync",
    "method": "POST",
    "body": {
      "record_url": "https://nkr-group.cybozu.com/k/3187/show#record=6"
    },
    "referrer": "https://nkr-group.cybozu.com/",
    "statusCode": 500,
    "res": "Cannot read properties of undefined (reading 'value')"
  },
  {
    "time": "2024-06-13T12:10:49.704Z",
    "from": "192.168.0.4",
    "originalUrl": "/sync",
    "method": "POST",
    "body": {
      "record_url": "https://nkr-group.cybozu.com/k/3187/show#record=7"
    },
    "referrer": "https://nkr-group.cybozu.com/",
    "statusCode": 500,
    "res": "Cannot read properties of undefined (reading 'value')"
  },
  {
    "time": "2024-06-13T12:10:50.304Z",
    "from": "192.168.0.4",
    "originalUrl": "/sync",
    "method": "POST",
    "body": {
      "record_url": "https://nkr-group.cybozu.com/k/3187/show#record=8"
    },
    "referrer": "https://nkr-group.cybozu.com/",
    "statusCode": 500,
    "res": "Cannot read properties of undefined (reading 'value')"
  },
  {
    "time": "2024-06-13T12:10:50.848Z",
    "from": "192.168.0.4",
    "originalUrl": "/sync",
    "method": "POST",
    "body": {
      "record_url": "https://nkr-group.cybozu.com/k/3187/show#record=9"
    },
    "referrer": "https://nkr-group.cybozu.com/",
    "statusCode": 500,
    "res": "Cannot read properties of undefined (reading 'value')"
  },
  {
    "time": "2024-06-13T12:10:51.532Z",
    "from": "192.168.0.4",
    "originalUrl": "/sync",
    "method": "POST",
    "body": {
      "record_url": "https://nkr-group.cybozu.com/k/3187/show#record=10"
    },
    "referrer": "https://nkr-group.cybozu.com/",
    "statusCode": 500,
    "res": "Cannot read properties of undefined (reading 'value')"
  },
  {
    "time": "2024-06-13T12:12:47.742Z",
    "from": "192.168.0.4",
    "originalUrl": "/sync",
    "method": "POST",
    "body": {
      "record_url": "https://nkr-group.cybozu.com/k/3187/show#record=11"
    },
    "referrer": "https://nkr-group.cybozu.com/",
    "statusCode": 500,
    "res": "Cannot read properties of undefined (reading 'value')"
  },
  {
    "time": "2024-06-13T12:12:50.209Z",
    "from": "192.168.0.4",
    "originalUrl": "/sync",
    "method": "POST",
    "body": {
      "record_url": "https://nkr-group.cybozu.com/k/3187/show#record=12"
    },
    "referrer": "https://nkr-group.cybozu.com/",
    "statusCode": 500,
    "res": "Cannot read properties of undefined (reading 'value')"
  }
]