[
  {
    "time": "2024-06-13T10:50:22.232Z",
    "from": "192.168.0.4",
    "originalUrl": "/sync",
    "method": "POST",
    "body": {
      "record_url": "https://nkr-group.cybozu.com/k/3202/show#record=244&l.view=6128448&l.q&l.sort_0=f2223&l.order_0=DESC&l.next=243&l.prev=245"
    },
    "referrer": "https://nkr-group.cybozu.com/",
    "statusCode": 200,
    "res": {
      "レコード番号": {
        "type": "RECORD_NUMBER",
        "value": "244"
      },
      "離職理由": {
        "type": "DROP_DOWN",
        "value": null
      },
      "具体的な離職理由": {
        "type": "SINGLE_LINE_TEXT",
        "value": ""
      },
      "住所4カナ": {
        "type": "SINGLE_LINE_TEXT",
        "value": ""
      },
      "担当者名": {
        "type": "SINGLE_LINE_TEXT",
        "value": ""
      },
      "前職退職日": {
        "type": "DATE",
        "value": null
      },
      "役職": {
        "type": "SINGLE_LINE_TEXT",
        "value": ""
      },
      "ミドルネームビジネスカナ": {
        "type": "SINGLE_LINE_TEXT",
        "value": ""
      },
      "離職後の住所": {
        "type": "SINGLE_LINE_TEXT",
        "value": ""
      },
      "会社レコード番号": {
        "type": "NUMBER",
        "value": ""
      },
      "連絡の添付ファイル": {
        "type": "FILE",
        "value": []
      },
      "通勤経路情報": {
        "type": "SUBTABLE",
        "value": [
          {
            "id": "2282449",
            "value": {
              "通勤手段": {
                "type": "DROP_DOWN",
                "value": null
              },
              "定期券期間": {
                "type": "RADIO_BUTTON",
                "value": "１か月"
              },
              "片道距離": {
                "type": "SINGLE_LINE_TEXT",
                "value": ""
              },
              "乗車駅": {
                "type": "SINGLE_LINE_TEXT",
                "value": ""
              },
              "片道運賃": {
                "type": "SINGLE_LINE_TEXT",
                "value": ""
              },
              "所要時間": {
                "type": "SINGLE_LINE_TEXT",
                "value": ""
              },
              "定期代": {
                "type": "SINGLE_LINE_TEXT",
                "value": ""
              },
              "降車駅": {
                "type": "SINGLE_LINE_TEXT",
                "value": ""
              }
            }
          }
        ]
      },
      "前職者源泉徴収票": {
        "type": "FILE",
        "value": []
      },
      "契約期間": {
        "type": "DROP_DOWN",
        "value": null
      },
      "この連絡は": {
        "type": "RADIO_BUTTON",
        "value": "既存連絡の追加・修正"
      },
      "在留カードナンバー": {
        "type": "SINGLE_LINE_TEXT",
        "value": ""
      },
      "会社名": {
        "type": "SINGLE_LINE_TEXT",
        "value": "株式会社小林商事"
      },
      "生年月日年_0": {
        "type": "DROP_DOWN",
        "value": null
      },
      "契約開始日": {
        "type": "DATE",
        "value": null
      },
      "在留期間": {
        "type": "DATE",
        "value": null
      },
      "ミドルネームビジネス": {
        "type": "SINGLE_LINE_TEXT",
        "value": ""
      },
      "個人メールアドレス": {
        "type": "SINGLE_LINE_TEXT",
        "value": ""
      },
      "連絡元レコードURL": {
        "type": "LINK",
        "value": ""
      },
      "電話番号2": {
        "type": "SINGLE_LINE_TEXT",
        "value": ""
      },
      "障害者区分": {
        "type": "DROP_DOWN",
        "value": null
      },
      "在留資格": {
        "type": "DROP_DOWN",
        "value": null
      },
      "一回の契約期間": {
        "type": "SINGLE_LINE_TEXT",
        "value": ""
      },
      "就労制限の有無": {
        "type": "DROP_DOWN",
        "value": null
      },
      "雇保喪失年月日": {
        "type": "DATE",
        "value": null
      },
      "基礎年金番号無しチェック": {
        "type": "CHECK_BOX",
        "value": []
      },
      "携帯番号": {
        "type": "SINGLE_LINE_TEXT",
        "value": "08000000007"
      },
      "$id": {
        "type": "__ID__",
        "value": "244"
      },
      "雇用保険番号有無_radioBotton": {
        "type": "RADIO_BUTTON",
        "value": "雇用保険番号あり"
      },
      "名ビジネス": {
        "type": "SINGLE_LINE_TEXT",
        "value": ""
      },
      "照会履歴": {
        "type": "SUBTABLE",
        "value": [
          {
            "id": "2282446",
            "value": {
              "照会者": {
                "type": "SINGLE_LINE_TEXT",
                "value": ""
              },
              "照会日時": {
                "type": "SINGLE_LINE_TEXT",
                "value": ""
              }
            }
          }
        ]
      },
      "離職票交付": {
        "type": "DROP_DOWN",
        "value": null
      },
      "通算の契約期間": {
        "type": "SINGLE_LINE_TEXT",
        "value": ""
      },
      "姓ビジネス": {
        "type": "SINGLE_LINE_TEXT",
        "value": ""
      },
      "血液型": {
        "type": "DROP_DOWN",
        "value": "A"
      },
      "入社時社会保険": {
        "type": "RADIO_BUTTON",
        "value": "加入しない"
      },
      "１ヶ月の賃金見込額": {
        "type": "SINGLE_LINE_TEXT",
        "value": ""
      },
      "本人確認書類": {
        "type": "FILE",
        "value": []
      },
      "ビジネスメールアドレス": {
        "type": "SINGLE_LINE_TEXT",
        "value": ""
      },
      "社員補助No": {
        "type": "SINGLE_LINE_TEXT",
        "value": ""
      },
      "作成者": {
        "type": "CREATOR",
        "value": {
          "code": "j-uchimi",
          "name": "内海"
        }
      },
      "雇用形態": {
        "type": "SINGLE_LINE_TEXT",
        "value": ""
      },
      "生年月日日_0": {
        "type": "DROP_DOWN",
        "value": null
      },
      "更新日時": {
        "type": "UPDATED_TIME",
        "value": "2024-06-12T01:56:00Z"
      },
      "_401k加入有無": {
        "type": "RADIO_BUTTON",
        "value": "無"
      },
      "本人マイナンバー結果": {
        "type": "SINGLE_LINE_TEXT",
        "value": "マイナンバーは「未入力」"
      },
      "顧問先背番号": {
        "type": "SINGLE_LINE_TEXT",
        "value": ""
      },
      "ミドルネーム戸籍カナ": {
        "type": "SINGLE_LINE_TEXT",
        "value": ""
      },
      "姓戸籍": {
        "type": "SINGLE_LINE_TEXT",
        "value": "内海"
      },
      "退職年月日": {
        "type": "DATE",
        "value": null
      },
      "契約終了日": {
        "type": "DATE",
        "value": null
      },
      "メイビジネスカナ": {
        "type": "SINGLE_LINE_TEXT",
        "value": ""
      },
      "生年月日": {
        "type": "SINGLE_LINE_TEXT",
        "value": "1999-08-18"
      },
      "雇用契約書最終を添付": {
        "type": "FILE",
        "value": []
      },
      "基礎年金番号": {
        "type": "SINGLE_LINE_TEXT",
        "value": ""
      },
      "性別戸籍": {
        "type": "DROP_DOWN",
        "value": "男"
      },
      "週所定労働時間": {
        "type": "SINGLE_LINE_TEXT",
        "value": ""
      },
      "職種": {
        "type": "SINGLE_LINE_TEXT",
        "value": ""
      },
      "住所2カナ": {
        "type": "SINGLE_LINE_TEXT",
        "value": ""
      },
      "本人マイナンバー": {
        "type": "SINGLE_LINE_TEXT",
        "value": ""
      },
      "生年月日月_0": {
        "type": "DROP_DOWN",
        "value": null
      },
      "誓約書・雇用契約書等": {
        "type": "FILE",
        "value": []
      },
      "雇用保険番号": {
        "type": "SINGLE_LINE_TEXT",
        "value": ""
      },
      "備考メッセージ": {
        "type": "MULTI_LINE_TEXT",
        "value": ""
      },
      "緊急連絡先": {
        "type": "SUBTABLE",
        "value": [
          {
            "id": "2282447",
            "value": {
              "緊急連絡先姓カナ": {
                "type": "SINGLE_LINE_TEXT",
                "value": ""
              },
              "緊急連絡先名カナ": {
                "type": "SINGLE_LINE_TEXT",
                "value": ""
              },
              "電話番号予備": {
                "type": "SINGLE_LINE_TEXT",
                "value": ""
              },
              "続柄": {
                "type": "SINGLE_LINE_TEXT",
                "value": ""
              },
              "緊急連絡先名": {
                "type": "SINGLE_LINE_TEXT",
                "value": ""
              },
              "住所": {
                "type": "SINGLE_LINE_TEXT",
                "value": ""
              },
              "電話番号": {
                "type": "SINGLE_LINE_TEXT",
                "value": ""
              },
              "緊急連絡先姓": {
                "type": "SINGLE_LINE_TEXT",
                "value": ""
              }
            }
          }
        ]
      },
      "離職票送り先": {
        "type": "DROP_DOWN",
        "value": null
      },
      "NKR担当者": {
        "type": "SINGLE_LINE_TEXT",
        "value": ""
      },
      "雇用保険_社会保険の加入_脱退の場合": {
        "type": "RADIO_BUTTON",
        "value": "変更なし"
      },
      "給与形態": {
        "type": "DROP_DOWN",
        "value": null
      },
      "名戸籍": {
        "type": "SINGLE_LINE_TEXT",
        "value": "テスト"
      },
      "在留カード所有": {
        "type": "CHECK_BOX",
        "value": []
      },
      "郵便番号": {
        "type": "SINGLE_LINE_TEXT",
        "value": "1640011"
      },
      "マイページURL": {
        "type": "LINK",
        "value": ""
      },
      "外国人": {
        "type": "DROP_DOWN",
        "value": null
      },
      "入社年月日": {
        "type": "DATE",
        "value": "2024-06-13"
      },
      "住所2": {
        "type": "SINGLE_LINE_TEXT",
        "value": ""
      },
      "住所1": {
        "type": "SINGLE_LINE_TEXT",
        "value": ""
      },
      "住所4": {
        "type": "SINGLE_LINE_TEXT",
        "value": ""
      },
      "入社時雇用保険": {
        "type": "RADIO_BUTTON",
        "value": "加入しない"
      },
      "住所3": {
        "type": "SINGLE_LINE_TEXT",
        "value": ""
      },
      "セイ戸籍カナ": {
        "type": "SINGLE_LINE_TEXT",
        "value": "ウチミ"
      },
      "枝番号": {
        "type": "SINGLE_LINE_TEXT",
        "value": ""
      },
      "顔写真": {
        "type": "FILE",
        "value": []
      },
      "作成日時": {
        "type": "CREATED_TIME",
        "value": "2024-06-12T00:25:00Z"
      },
      "連絡種別": {
        "type": "RADIO_BUTTON",
        "value": "入社連絡"
      },
      "基礎年金番号有無": {
        "type": "RADIO_BUTTON",
        "value": "基礎年金番号あり"
      },
      "社会保険取得年月日": {
        "type": "DATE",
        "value": null
      },
      "退職願を添付": {
        "type": "FILE",
        "value": []
      },
      "更新者": {
        "type": "MODIFIER",
        "value": {
          "code": "j-uchimi",
          "name": "内海"
        }
      },
      "前職名": {
        "type": "SINGLE_LINE_TEXT",
        "value": ""
      },
      "台帳番号": {
        "type": "NUMBER",
        "value": ""
      },
      "メイ戸籍カナ": {
        "type": "SINGLE_LINE_TEXT",
        "value": "テスト"
      },
      "社保喪失年月日": {
        "type": "DATE",
        "value": null
      },
      "住所3カナ": {
        "type": "SINGLE_LINE_TEXT",
        "value": ""
      },
      "健康保険任意継続": {
        "type": "DROP_DOWN",
        "value": null
      },
      "在籍状況": {
        "type": "DROP_DOWN",
        "value": "内定者"
      },
      "ミドルネーム戸籍": {
        "type": "SINGLE_LINE_TEXT",
        "value": ""
      },
      "給与振込口座情報": {
        "type": "SUBTABLE",
        "value": [
          {
            "id": "2282448",
            "value": {
              "支店コード": {
                "type": "SINGLE_LINE_TEXT",
                "value": ""
              },
              "支店名": {
                "type": "SINGLE_LINE_TEXT",
                "value": ""
              },
              "口座番号": {
                "type": "SINGLE_LINE_TEXT",
                "value": ""
              },
              "金融機関コード": {
                "type": "SINGLE_LINE_TEXT",
                "value": ""
              },
              "預金種別": {
                "type": "DROP_DOWN",
                "value": null
              },
              "金融機関名": {
                "type": "SINGLE_LINE_TEXT",
                "value": ""
              },
              "口座名義": {
                "type": "SINGLE_LINE_TEXT",
                "value": ""
              }
            }
          }
        ]
      },
      "check_box": {
        "type": "CHECK_BOX",
        "value": []
      },
      "ローマ字": {
        "type": "SINGLE_LINE_TEXT",
        "value": ""
      },
      "所属事業所": {
        "type": "SINGLE_LINE_TEXT",
        "value": ""
      },
      "労働者の意思表示": {
        "type": "DROP_DOWN",
        "value": null
      },
      "扶養控除等申告書": {
        "type": "FILE",
        "value": []
      },
      "派遣・請負の区分": {
        "type": "DROP_DOWN",
        "value": null
      },
      "契約の更新回数": {
        "type": "SINGLE_LINE_TEXT",
        "value": ""
      },
      "契約更新条項の有無": {
        "type": "RADIO_BUTTON",
        "value": "あり"
      },
      "社員No": {
        "type": "SINGLE_LINE_TEXT",
        "value": "11111"
      },
      "前回の契約更新時に次回の更新について": {
        "type": "DROP_DOWN",
        "value": null
      },
      "担当者メールアドレス": {
        "type": "SINGLE_LINE_TEXT",
        "value": ""
      },
      "$revision": {
        "type": "__REVISION__",
        "value": "11"
      },
      "雇用保険取得年月日": {
        "type": "DATE",
        "value": null
      },
      "被保険者整理番号": {
        "type": "SINGLE_LINE_TEXT",
        "value": ""
      },
      "資格外活動の許可": {
        "type": "DROP_DOWN",
        "value": null
      },
      "NKRメールアドレス": {
        "type": "SINGLE_LINE_TEXT",
        "value": ""
      },
      "セイビジネスカナ": {
        "type": "SINGLE_LINE_TEXT",
        "value": ""
      },
      "国籍": {
        "type": "SINGLE_LINE_TEXT",
        "value": ""
      },
      "識別コード": {
        "type": "SINGLE_LINE_TEXT",
        "value": ""
      },
      "履歴書・職務経歴書等": {
        "type": "FILE",
        "value": []
      }
    }
  },
  {
    "time": "2024-06-13T10:50:49.158Z",
    "from": "192.168.0.4",
    "originalUrl": "/sync",
    "method": "POST",
    "body": {
      "record_url": "https://nkr-group.cybozu.com/k/3202/show#record=244&l.view=6128448&l.q&l.sort_0=f2223&l.order_0=DESC&l.next=243&l.prev=245&mode=show"
    },
    "referrer": "https://nkr-group.cybozu.com/",
    "statusCode": 200,
    "res": {
      "レコード番号": {
        "type": "RECORD_NUMBER",
        "value": "244"
      },
      "離職理由": {
        "type": "DROP_DOWN",
        "value": null
      },
      "具体的な離職理由": {
        "type": "SINGLE_LINE_TEXT",
        "value": ""
      },
      "住所4カナ": {
        "type": "SINGLE_LINE_TEXT",
        "value": ""
      },
      "担当者名": {
        "type": "SINGLE_LINE_TEXT",
        "value": ""
      },
      "前職退職日": {
        "type": "DATE",
        "value": null
      },
      "役職": {
        "type": "SINGLE_LINE_TEXT",
        "value": ""
      },
      "ミドルネームビジネスカナ": {
        "type": "SINGLE_LINE_TEXT",
        "value": ""
      },
      "離職後の住所": {
        "type": "SINGLE_LINE_TEXT",
        "value": ""
      },
      "会社レコード番号": {
        "type": "NUMBER",
        "value": ""
      },
      "連絡の添付ファイル": {
        "type": "FILE",
        "value": []
      },
      "通勤経路情報": {
        "type": "SUBTABLE",
        "value": [
          {
            "id": "2282449",
            "value": {
              "通勤手段": {
                "type": "DROP_DOWN",
                "value": null
              },
              "定期券期間": {
                "type": "RADIO_BUTTON",
                "value": "１か月"
              },
              "片道距離": {
                "type": "SINGLE_LINE_TEXT",
                "value": ""
              },
              "乗車駅": {
                "type": "SINGLE_LINE_TEXT",
                "value": ""
              },
              "片道運賃": {
                "type": "SINGLE_LINE_TEXT",
                "value": ""
              },
              "所要時間": {
                "type": "SINGLE_LINE_TEXT",
                "value": ""
              },
              "定期代": {
                "type": "SINGLE_LINE_TEXT",
                "value": ""
              },
              "降車駅": {
                "type": "SINGLE_LINE_TEXT",
                "value": ""
              }
            }
          }
        ]
      },
      "前職者源泉徴収票": {
        "type": "FILE",
        "value": []
      },
      "契約期間": {
        "type": "DROP_DOWN",
        "value": null
      },
      "この連絡は": {
        "type": "RADIO_BUTTON",
        "value": "既存連絡の追加・修正"
      },
      "在留カードナンバー": {
        "type": "SINGLE_LINE_TEXT",
        "value": ""
      },
      "会社名": {
        "type": "SINGLE_LINE_TEXT",
        "value": "株式会社小林商事"
      },
      "生年月日年_0": {
        "type": "DROP_DOWN",
        "value": null
      },
      "契約開始日": {
        "type": "DATE",
        "value": null
      },
      "在留期間": {
        "type": "DATE",
        "value": null
      },
      "ミドルネームビジネス": {
        "type": "SINGLE_LINE_TEXT",
        "value": ""
      },
      "個人メールアドレス": {
        "type": "SINGLE_LINE_TEXT",
        "value": ""
      },
      "連絡元レコードURL": {
        "type": "LINK",
        "value": ""
      },
      "電話番号2": {
        "type": "SINGLE_LINE_TEXT",
        "value": ""
      },
      "障害者区分": {
        "type": "DROP_DOWN",
        "value": null
      },
      "在留資格": {
        "type": "DROP_DOWN",
        "value": null
      },
      "一回の契約期間": {
        "type": "SINGLE_LINE_TEXT",
        "value": ""
      },
      "就労制限の有無": {
        "type": "DROP_DOWN",
        "value": null
      },
      "雇保喪失年月日": {
        "type": "DATE",
        "value": null
      },
      "基礎年金番号無しチェック": {
        "type": "CHECK_BOX",
        "value": []
      },
      "携帯番号": {
        "type": "SINGLE_LINE_TEXT",
        "value": "08000000007"
      },
      "$id": {
        "type": "__ID__",
        "value": "244"
      },
      "雇用保険番号有無_radioBotton": {
        "type": "RADIO_BUTTON",
        "value": "雇用保険番号あり"
      },
      "名ビジネス": {
        "type": "SINGLE_LINE_TEXT",
        "value": ""
      },
      "照会履歴": {
        "type": "SUBTABLE",
        "value": [
          {
            "id": "2282446",
            "value": {
              "照会者": {
                "type": "SINGLE_LINE_TEXT",
                "value": ""
              },
              "照会日時": {
                "type": "SINGLE_LINE_TEXT",
                "value": ""
              }
            }
          }
        ]
      },
      "離職票交付": {
        "type": "DROP_DOWN",
        "value": null
      },
      "通算の契約期間": {
        "type": "SINGLE_LINE_TEXT",
        "value": ""
      },
      "姓ビジネス": {
        "type": "SINGLE_LINE_TEXT",
        "value": ""
      },
      "血液型": {
        "type": "DROP_DOWN",
        "value": "A"
      },
      "入社時社会保険": {
        "type": "RADIO_BUTTON",
        "value": "加入しない"
      },
      "１ヶ月の賃金見込額": {
        "type": "SINGLE_LINE_TEXT",
        "value": ""
      },
      "本人確認書類": {
        "type": "FILE",
        "value": []
      },
      "ビジネスメールアドレス": {
        "type": "SINGLE_LINE_TEXT",
        "value": ""
      },
      "社員補助No": {
        "type": "SINGLE_LINE_TEXT",
        "value": ""
      },
      "作成者": {
        "type": "CREATOR",
        "value": {
          "code": "j-uchimi",
          "name": "内海"
        }
      },
      "雇用形態": {
        "type": "SINGLE_LINE_TEXT",
        "value": ""
      },
      "生年月日日_0": {
        "type": "DROP_DOWN",
        "value": null
      },
      "更新日時": {
        "type": "UPDATED_TIME",
        "value": "2024-06-13T01:50:00Z"
      },
      "_401k加入有無": {
        "type": "RADIO_BUTTON",
        "value": "無"
      },
      "本人マイナンバー結果": {
        "type": "SINGLE_LINE_TEXT",
        "value": "マイナンバーは「未入力」"
      },
      "顧問先背番号": {
        "type": "SINGLE_LINE_TEXT",
        "value": ""
      },
      "ミドルネーム戸籍カナ": {
        "type": "SINGLE_LINE_TEXT",
        "value": ""
      },
      "姓戸籍": {
        "type": "SINGLE_LINE_TEXT",
        "value": "内海"
      },
      "退職年月日": {
        "type": "DATE",
        "value": null
      },
      "契約終了日": {
        "type": "DATE",
        "value": null
      },
      "メイビジネスカナ": {
        "type": "SINGLE_LINE_TEXT",
        "value": ""
      },
      "生年月日": {
        "type": "SINGLE_LINE_TEXT",
        "value": "1999-08-18"
      },
      "雇用契約書最終を添付": {
        "type": "FILE",
        "value": []
      },
      "基礎年金番号": {
        "type": "SINGLE_LINE_TEXT",
        "value": ""
      },
      "性別戸籍": {
        "type": "DROP_DOWN",
        "value": "男"
      },
      "週所定労働時間": {
        "type": "SINGLE_LINE_TEXT",
        "value": ""
      },
      "職種": {
        "type": "SINGLE_LINE_TEXT",
        "value": ""
      },
      "住所2カナ": {
        "type": "SINGLE_LINE_TEXT",
        "value": ""
      },
      "本人マイナンバー": {
        "type": "SINGLE_LINE_TEXT",
        "value": ""
      },
      "生年月日月_0": {
        "type": "DROP_DOWN",
        "value": null
      },
      "誓約書・雇用契約書等": {
        "type": "FILE",
        "value": []
      },
      "雇用保険番号": {
        "type": "SINGLE_LINE_TEXT",
        "value": ""
      },
      "備考メッセージ": {
        "type": "MULTI_LINE_TEXT",
        "value": ""
      },
      "緊急連絡先": {
        "type": "SUBTABLE",
        "value": [
          {
            "id": "2282447",
            "value": {
              "緊急連絡先姓カナ": {
                "type": "SINGLE_LINE_TEXT",
                "value": ""
              },
              "緊急連絡先名カナ": {
                "type": "SINGLE_LINE_TEXT",
                "value": ""
              },
              "電話番号予備": {
                "type": "SINGLE_LINE_TEXT",
                "value": ""
              },
              "続柄": {
                "type": "SINGLE_LINE_TEXT",
                "value": ""
              },
              "緊急連絡先名": {
                "type": "SINGLE_LINE_TEXT",
                "value": ""
              },
              "住所": {
                "type": "SINGLE_LINE_TEXT",
                "value": ""
              },
              "電話番号": {
                "type": "SINGLE_LINE_TEXT",
                "value": ""
              },
              "緊急連絡先姓": {
                "type": "SINGLE_LINE_TEXT",
                "value": ""
              }
            }
          }
        ]
      },
      "離職票送り先": {
        "type": "DROP_DOWN",
        "value": null
      },
      "NKR担当者": {
        "type": "SINGLE_LINE_TEXT",
        "value": ""
      },
      "雇用保険_社会保険の加入_脱退の場合": {
        "type": "RADIO_BUTTON",
        "value": "変更なし"
      },
      "給与形態": {
        "type": "DROP_DOWN",
        "value": null
      },
      "名戸籍": {
        "type": "SINGLE_LINE_TEXT",
        "value": "テスト"
      },
      "在留カード所有": {
        "type": "CHECK_BOX",
        "value": []
      },
      "郵便番号": {
        "type": "SINGLE_LINE_TEXT",
        "value": "1640011"
      },
      "マイページURL": {
        "type": "LINK",
        "value": ""
      },
      "外国人": {
        "type": "DROP_DOWN",
        "value": null
      },
      "入社年月日": {
        "type": "DATE",
        "value": "2024-06-13"
      },
      "住所2": {
        "type": "SINGLE_LINE_TEXT",
        "value": ""
      },
      "住所1": {
        "type": "SINGLE_LINE_TEXT",
        "value": ""
      },
      "住所4": {
        "type": "SINGLE_LINE_TEXT",
        "value": ""
      },
      "入社時雇用保険": {
        "type": "RADIO_BUTTON",
        "value": "加入しない"
      },
      "住所3": {
        "type": "SINGLE_LINE_TEXT",
        "value": ""
      },
      "セイ戸籍カナ": {
        "type": "SINGLE_LINE_TEXT",
        "value": "ウチミ"
      },
      "枝番号": {
        "type": "SINGLE_LINE_TEXT",
        "value": ""
      },
      "顔写真": {
        "type": "FILE",
        "value": []
      },
      "作成日時": {
        "type": "CREATED_TIME",
        "value": "2024-06-12T00:25:00Z"
      },
      "連絡種別": {
        "type": "RADIO_BUTTON",
        "value": "入社連絡"
      },
      "基礎年金番号有無": {
        "type": "RADIO_BUTTON",
        "value": "基礎年金番号あり"
      },
      "社会保険取得年月日": {
        "type": "DATE",
        "value": null
      },
      "退職願を添付": {
        "type": "FILE",
        "value": []
      },
      "更新者": {
        "type": "MODIFIER",
        "value": {
          "code": "j-uchimi",
          "name": "内海"
        }
      },
      "前職名": {
        "type": "SINGLE_LINE_TEXT",
        "value": ""
      },
      "台帳番号": {
        "type": "NUMBER",
        "value": ""
      },
      "メイ戸籍カナ": {
        "type": "SINGLE_LINE_TEXT",
        "value": "テスト"
      },
      "社保喪失年月日": {
        "type": "DATE",
        "value": null
      },
      "住所3カナ": {
        "type": "SINGLE_LINE_TEXT",
        "value": ""
      },
      "健康保険任意継続": {
        "type": "DROP_DOWN",
        "value": null
      },
      "在籍状況": {
        "type": "DROP_DOWN",
        "value": "内定者"
      },
      "ミドルネーム戸籍": {
        "type": "SINGLE_LINE_TEXT",
        "value": ""
      },
      "給与振込口座情報": {
        "type": "SUBTABLE",
        "value": [
          {
            "id": "2282448",
            "value": {
              "支店コード": {
                "type": "SINGLE_LINE_TEXT",
                "value": ""
              },
              "支店名": {
                "type": "SINGLE_LINE_TEXT",
                "value": ""
              },
              "口座番号": {
                "type": "SINGLE_LINE_TEXT",
                "value": ""
              },
              "金融機関コード": {
                "type": "SINGLE_LINE_TEXT",
                "value": ""
              },
              "預金種別": {
                "type": "DROP_DOWN",
                "value": null
              },
              "金融機関名": {
                "type": "SINGLE_LINE_TEXT",
                "value": ""
              },
              "口座名義": {
                "type": "SINGLE_LINE_TEXT",
                "value": ""
              }
            }
          }
        ]
      },
      "check_box": {
        "type": "CHECK_BOX",
        "value": []
      },
      "ローマ字": {
        "type": "SINGLE_LINE_TEXT",
        "value": ""
      },
      "所属事業所": {
        "type": "SINGLE_LINE_TEXT",
        "value": ""
      },
      "労働者の意思表示": {
        "type": "DROP_DOWN",
        "value": null
      },
      "扶養控除等申告書": {
        "type": "FILE",
        "value": []
      },
      "派遣・請負の区分": {
        "type": "DROP_DOWN",
        "value": null
      },
      "契約の更新回数": {
        "type": "SINGLE_LINE_TEXT",
        "value": ""
      },
      "契約更新条項の有無": {
        "type": "RADIO_BUTTON",
        "value": "あり"
      },
      "社員No": {
        "type": "SINGLE_LINE_TEXT",
        "value": "111111"
      },
      "前回の契約更新時に次回の更新について": {
        "type": "DROP_DOWN",
        "value": null
      },
      "担当者メールアドレス": {
        "type": "SINGLE_LINE_TEXT",
        "value": ""
      },
      "$revision": {
        "type": "__REVISION__",
        "value": "12"
      },
      "雇用保険取得年月日": {
        "type": "DATE",
        "value": null
      },
      "被保険者整理番号": {
        "type": "SINGLE_LINE_TEXT",
        "value": ""
      },
      "資格外活動の許可": {
        "type": "DROP_DOWN",
        "value": null
      },
      "NKRメールアドレス": {
        "type": "SINGLE_LINE_TEXT",
        "value": ""
      },
      "セイビジネスカナ": {
        "type": "SINGLE_LINE_TEXT",
        "value": ""
      },
      "国籍": {
        "type": "SINGLE_LINE_TEXT",
        "value": ""
      },
      "識別コード": {
        "type": "SINGLE_LINE_TEXT",
        "value": ""
      },
      "履歴書・職務経歴書等": {
        "type": "FILE",
        "value": []
      }
    }
  },
  {
    "time": "2024-06-13T10:52:45.079Z",
    "from": "192.168.0.4",
    "originalUrl": "/sync",
    "method": "POST",
    "body": {
      "record_url": "https://nkr-group.cybozu.com/k/3202/show#record=244&l.view=6128448&l.q&l.sort_0=f2223&l.order_0=DESC&l.next=243&l.prev=245&mode=show"
    },
    "referrer": "https://nkr-group.cybozu.com/",
    "statusCode": 500,
    "res": "office station error: failed to modify data.\n\"111111[本人]:更新対象の従業員が見つかりませんでした。\""
  },
  {
    "time": "2024-06-13T10:53:40.101Z",
    "from": "192.168.0.4",
    "originalUrl": "/sync",
    "method": "POST",
    "body": {
      "record_url": "https://nkr-group.cybozu.com/k/3202/show#record=244&l.view=6128448&l.q&l.sort_0=f2223&l.order_0=DESC&l.next=243&l.prev=245&mode=show"
    },
    "referrer": "https://nkr-group.cybozu.com/",
    "statusCode": 500,
    "res": "office station error: failed to entry data.\n\"111111[本人]:姓 (カナ) はカナで入力してください。\""
  },
  {
    "time": "2024-06-13T10:53:54.423Z",
    "from": "192.168.0.4",
    "originalUrl": "/sync",
    "method": "POST",
    "body": {
      "record_url": "https://nkr-group.cybozu.com/k/3202/show#record=244&l.view=6128448&l.q&l.sort_0=f2223&l.order_0=DESC&l.next=243&l.prev=245&mode=show"
    },
    "referrer": "https://nkr-group.cybozu.com/",
    "statusCode": 200,
    "res": {
      "レコード番号": {
        "type": "RECORD_NUMBER",
        "value": "244"
      },
      "離職理由": {
        "type": "DROP_DOWN",
        "value": null
      },
      "具体的な離職理由": {
        "type": "SINGLE_LINE_TEXT",
        "value": ""
      },
      "住所4カナ": {
        "type": "SINGLE_LINE_TEXT",
        "value": ""
      },
      "担当者名": {
        "type": "SINGLE_LINE_TEXT",
        "value": ""
      },
      "前職退職日": {
        "type": "DATE",
        "value": null
      },
      "役職": {
        "type": "SINGLE_LINE_TEXT",
        "value": ""
      },
      "ミドルネームビジネスカナ": {
        "type": "SINGLE_LINE_TEXT",
        "value": ""
      },
      "離職後の住所": {
        "type": "SINGLE_LINE_TEXT",
        "value": ""
      },
      "会社レコード番号": {
        "type": "NUMBER",
        "value": ""
      },
      "連絡の添付ファイル": {
        "type": "FILE",
        "value": []
      },
      "通勤経路情報": {
        "type": "SUBTABLE",
        "value": [
          {
            "id": "2282449",
            "value": {
              "通勤手段": {
                "type": "DROP_DOWN",
                "value": null
              },
              "定期券期間": {
                "type": "RADIO_BUTTON",
                "value": "１か月"
              },
              "片道距離": {
                "type": "SINGLE_LINE_TEXT",
                "value": ""
              },
              "乗車駅": {
                "type": "SINGLE_LINE_TEXT",
                "value": ""
              },
              "片道運賃": {
                "type": "SINGLE_LINE_TEXT",
                "value": ""
              },
              "所要時間": {
                "type": "SINGLE_LINE_TEXT",
                "value": ""
              },
              "定期代": {
                "type": "SINGLE_LINE_TEXT",
                "value": ""
              },
              "降車駅": {
                "type": "SINGLE_LINE_TEXT",
                "value": ""
              }
            }
          }
        ]
      },
      "前職者源泉徴収票": {
        "type": "FILE",
        "value": []
      },
      "契約期間": {
        "type": "DROP_DOWN",
        "value": null
      },
      "この連絡は": {
        "type": "RADIO_BUTTON",
        "value": "既存連絡の追加・修正"
      },
      "在留カードナンバー": {
        "type": "SINGLE_LINE_TEXT",
        "value": ""
      },
      "会社名": {
        "type": "SINGLE_LINE_TEXT",
        "value": "株式会社小林商事"
      },
      "生年月日年_0": {
        "type": "DROP_DOWN",
        "value": null
      },
      "契約開始日": {
        "type": "DATE",
        "value": null
      },
      "在留期間": {
        "type": "DATE",
        "value": null
      },
      "ミドルネームビジネス": {
        "type": "SINGLE_LINE_TEXT",
        "value": ""
      },
      "個人メールアドレス": {
        "type": "SINGLE_LINE_TEXT",
        "value": ""
      },
      "連絡元レコードURL": {
        "type": "LINK",
        "value": ""
      },
      "電話番号2": {
        "type": "SINGLE_LINE_TEXT",
        "value": ""
      },
      "障害者区分": {
        "type": "DROP_DOWN",
        "value": null
      },
      "在留資格": {
        "type": "DROP_DOWN",
        "value": null
      },
      "一回の契約期間": {
        "type": "SINGLE_LINE_TEXT",
        "value": ""
      },
      "就労制限の有無": {
        "type": "DROP_DOWN",
        "value": null
      },
      "雇保喪失年月日": {
        "type": "DATE",
        "value": null
      },
      "基礎年金番号無しチェック": {
        "type": "CHECK_BOX",
        "value": []
      },
      "携帯番号": {
        "type": "SINGLE_LINE_TEXT",
        "value": "08000000007"
      },
      "$id": {
        "type": "__ID__",
        "value": "244"
      },
      "雇用保険番号有無_radioBotton": {
        "type": "RADIO_BUTTON",
        "value": "雇用保険番号あり"
      },
      "名ビジネス": {
        "type": "SINGLE_LINE_TEXT",
        "value": ""
      },
      "照会履歴": {
        "type": "SUBTABLE",
        "value": [
          {
            "id": "2282446",
            "value": {
              "照会者": {
                "type": "SINGLE_LINE_TEXT",
                "value": ""
              },
              "照会日時": {
                "type": "SINGLE_LINE_TEXT",
                "value": ""
              }
            }
          }
        ]
      },
      "離職票交付": {
        "type": "DROP_DOWN",
        "value": null
      },
      "通算の契約期間": {
        "type": "SINGLE_LINE_TEXT",
        "value": ""
      },
      "姓ビジネス": {
        "type": "SINGLE_LINE_TEXT",
        "value": ""
      },
      "血液型": {
        "type": "DROP_DOWN",
        "value": "A"
      },
      "入社時社会保険": {
        "type": "RADIO_BUTTON",
        "value": "加入しない"
      },
      "１ヶ月の賃金見込額": {
        "type": "SINGLE_LINE_TEXT",
        "value": ""
      },
      "本人確認書類": {
        "type": "FILE",
        "value": []
      },
      "ビジネスメールアドレス": {
        "type": "SINGLE_LINE_TEXT",
        "value": ""
      },
      "社員補助No": {
        "type": "SINGLE_LINE_TEXT",
        "value": ""
      },
      "作成者": {
        "type": "CREATOR",
        "value": {
          "code": "j-uchimi",
          "name": "内海"
        }
      },
      "雇用形態": {
        "type": "SINGLE_LINE_TEXT",
        "value": ""
      },
      "生年月日日_0": {
        "type": "DROP_DOWN",
        "value": null
      },
      "更新日時": {
        "type": "UPDATED_TIME",
        "value": "2024-06-13T01:53:00Z"
      },
      "_401k加入有無": {
        "type": "RADIO_BUTTON",
        "value": "無"
      },
      "本人マイナンバー結果": {
        "type": "SINGLE_LINE_TEXT",
        "value": "マイナンバーは「未入力」"
      },
      "顧問先背番号": {
        "type": "SINGLE_LINE_TEXT",
        "value": ""
      },
      "ミドルネーム戸籍カナ": {
        "type": "SINGLE_LINE_TEXT",
        "value": ""
      },
      "姓戸籍": {
        "type": "SINGLE_LINE_TEXT",
        "value": "内海"
      },
      "退職年月日": {
        "type": "DATE",
        "value": null
      },
      "契約終了日": {
        "type": "DATE",
        "value": null
      },
      "メイビジネスカナ": {
        "type": "SINGLE_LINE_TEXT",
        "value": ""
      },
      "生年月日": {
        "type": "SINGLE_LINE_TEXT",
        "value": "1999-08-18"
      },
      "雇用契約書最終を添付": {
        "type": "FILE",
        "value": []
      },
      "基礎年金番号": {
        "type": "SINGLE_LINE_TEXT",
        "value": ""
      },
      "性別戸籍": {
        "type": "DROP_DOWN",
        "value": "男"
      },
      "週所定労働時間": {
        "type": "SINGLE_LINE_TEXT",
        "value": ""
      },
      "職種": {
        "type": "SINGLE_LINE_TEXT",
        "value": ""
      },
      "住所2カナ": {
        "type": "SINGLE_LINE_TEXT",
        "value": ""
      },
      "本人マイナンバー": {
        "type": "SINGLE_LINE_TEXT",
        "value": ""
      },
      "生年月日月_0": {
        "type": "DROP_DOWN",
        "value": null
      },
      "誓約書・雇用契約書等": {
        "type": "FILE",
        "value": []
      },
      "雇用保険番号": {
        "type": "SINGLE_LINE_TEXT",
        "value": ""
      },
      "備考メッセージ": {
        "type": "MULTI_LINE_TEXT",
        "value": ""
      },
      "緊急連絡先": {
        "type": "SUBTABLE",
        "value": [
          {
            "id": "2282447",
            "value": {
              "緊急連絡先姓カナ": {
                "type": "SINGLE_LINE_TEXT",
                "value": ""
              },
              "緊急連絡先名カナ": {
                "type": "SINGLE_LINE_TEXT",
                "value": ""
              },
              "電話番号予備": {
                "type": "SINGLE_LINE_TEXT",
                "value": ""
              },
              "続柄": {
                "type": "SINGLE_LINE_TEXT",
                "value": ""
              },
              "緊急連絡先名": {
                "type": "SINGLE_LINE_TEXT",
                "value": ""
              },
              "住所": {
                "type": "SINGLE_LINE_TEXT",
                "value": ""
              },
              "電話番号": {
                "type": "SINGLE_LINE_TEXT",
                "value": ""
              },
              "緊急連絡先姓": {
                "type": "SINGLE_LINE_TEXT",
                "value": ""
              }
            }
          }
        ]
      },
      "離職票送り先": {
        "type": "DROP_DOWN",
        "value": null
      },
      "NKR担当者": {
        "type": "SINGLE_LINE_TEXT",
        "value": ""
      },
      "雇用保険_社会保険の加入_脱退の場合": {
        "type": "RADIO_BUTTON",
        "value": "変更なし"
      },
      "給与形態": {
        "type": "DROP_DOWN",
        "value": null
      },
      "名戸籍": {
        "type": "SINGLE_LINE_TEXT",
        "value": "テスト"
      },
      "在留カード所有": {
        "type": "CHECK_BOX",
        "value": []
      },
      "郵便番号": {
        "type": "SINGLE_LINE_TEXT",
        "value": "1640011"
      },
      "マイページURL": {
        "type": "LINK",
        "value": ""
      },
      "外国人": {
        "type": "DROP_DOWN",
        "value": null
      },
      "入社年月日": {
        "type": "DATE",
        "value": "2024-06-13"
      },
      "住所2": {
        "type": "SINGLE_LINE_TEXT",
        "value": ""
      },
      "住所1": {
        "type": "SINGLE_LINE_TEXT",
        "value": ""
      },
      "住所4": {
        "type": "SINGLE_LINE_TEXT",
        "value": ""
      },
      "入社時雇用保険": {
        "type": "RADIO_BUTTON",
        "value": "加入しない"
      },
      "住所3": {
        "type": "SINGLE_LINE_TEXT",
        "value": ""
      },
      "セイ戸籍カナ": {
        "type": "SINGLE_LINE_TEXT",
        "value": "ウチミイ"
      },
      "枝番号": {
        "type": "SINGLE_LINE_TEXT",
        "value": ""
      },
      "顔写真": {
        "type": "FILE",
        "value": []
      },
      "作成日時": {
        "type": "CREATED_TIME",
        "value": "2024-06-12T00:25:00Z"
      },
      "連絡種別": {
        "type": "RADIO_BUTTON",
        "value": "入社連絡"
      },
      "基礎年金番号有無": {
        "type": "RADIO_BUTTON",
        "value": "基礎年金番号あり"
      },
      "社会保険取得年月日": {
        "type": "DATE",
        "value": null
      },
      "退職願を添付": {
        "type": "FILE",
        "value": []
      },
      "更新者": {
        "type": "MODIFIER",
        "value": {
          "code": "j-uchimi",
          "name": "内海"
        }
      },
      "前職名": {
        "type": "SINGLE_LINE_TEXT",
        "value": ""
      },
      "台帳番号": {
        "type": "NUMBER",
        "value": ""
      },
      "メイ戸籍カナ": {
        "type": "SINGLE_LINE_TEXT",
        "value": "テスト"
      },
      "社保喪失年月日": {
        "type": "DATE",
        "value": null
      },
      "住所3カナ": {
        "type": "SINGLE_LINE_TEXT",
        "value": ""
      },
      "健康保険任意継続": {
        "type": "DROP_DOWN",
        "value": null
      },
      "在籍状況": {
        "type": "DROP_DOWN",
        "value": "内定者"
      },
      "ミドルネーム戸籍": {
        "type": "SINGLE_LINE_TEXT",
        "value": ""
      },
      "給与振込口座情報": {
        "type": "SUBTABLE",
        "value": [
          {
            "id": "2282448",
            "value": {
              "支店コード": {
                "type": "SINGLE_LINE_TEXT",
                "value": ""
              },
              "支店名": {
                "type": "SINGLE_LINE_TEXT",
                "value": ""
              },
              "口座番号": {
                "type": "SINGLE_LINE_TEXT",
                "value": ""
              },
              "金融機関コード": {
                "type": "SINGLE_LINE_TEXT",
                "value": ""
              },
              "預金種別": {
                "type": "DROP_DOWN",
                "value": null
              },
              "金融機関名": {
                "type": "SINGLE_LINE_TEXT",
                "value": ""
              },
              "口座名義": {
                "type": "SINGLE_LINE_TEXT",
                "value": ""
              }
            }
          }
        ]
      },
      "check_box": {
        "type": "CHECK_BOX",
        "value": []
      },
      "ローマ字": {
        "type": "SINGLE_LINE_TEXT",
        "value": ""
      },
      "所属事業所": {
        "type": "SINGLE_LINE_TEXT",
        "value": ""
      },
      "労働者の意思表示": {
        "type": "DROP_DOWN",
        "value": null
      },
      "扶養控除等申告書": {
        "type": "FILE",
        "value": []
      },
      "派遣・請負の区分": {
        "type": "DROP_DOWN",
        "value": null
      },
      "契約の更新回数": {
        "type": "SINGLE_LINE_TEXT",
        "value": ""
      },
      "契約更新条項の有無": {
        "type": "RADIO_BUTTON",
        "value": "あり"
      },
      "社員No": {
        "type": "SINGLE_LINE_TEXT",
        "value": "111111"
      },
      "前回の契約更新時に次回の更新について": {
        "type": "DROP_DOWN",
        "value": null
      },
      "担当者メールアドレス": {
        "type": "SINGLE_LINE_TEXT",
        "value": ""
      },
      "$revision": {
        "type": "__REVISION__",
        "value": "15"
      },
      "雇用保険取得年月日": {
        "type": "DATE",
        "value": null
      },
      "被保険者整理番号": {
        "type": "SINGLE_LINE_TEXT",
        "value": ""
      },
      "資格外活動の許可": {
        "type": "DROP_DOWN",
        "value": null
      },
      "NKRメールアドレス": {
        "type": "SINGLE_LINE_TEXT",
        "value": ""
      },
      "セイビジネスカナ": {
        "type": "SINGLE_LINE_TEXT",
        "value": ""
      },
      "国籍": {
        "type": "SINGLE_LINE_TEXT",
        "value": ""
      },
      "識別コード": {
        "type": "SINGLE_LINE_TEXT",
        "value": ""
      },
      "履歴書・職務経歴書等": {
        "type": "FILE",
        "value": []
      }
    }
  },
  {
    "time": "2024-06-13T10:54:13.742Z",
    "from": "192.168.0.4",
    "originalUrl": "/sync",
    "method": "POST",
    "body": {
      "record_url": "https://nkr-group.cybozu.com/k/3202/show#record=244&l.view=6128448&l.q&l.sort_0=f2223&l.order_0=DESC&l.next=243&l.prev=245&mode=show"
    },
    "referrer": "https://nkr-group.cybozu.com/",
    "statusCode": 500,
    "res": "office station error: failed to modify data.\n\"111111[本人]:更新対象の従業員が見つかりませんでした。\""
  },
  {
    "time": "2024-06-13T11:09:12.975Z",
    "from": "192.168.0.4",
    "originalUrl": "/sync",
    "method": "POST",
    "body": {
      "record_url": "https://nkr-group.cybozu.com/k/3202/show#record=245&l.view=6128448&l.q&l.sort_0=f2223&l.order_0=DESC&l.next=244&l.prev=0"
    },
    "referrer": "https://nkr-group.cybozu.com/",
    "statusCode": 500,
    "res": "office station error: failed to entry data.\n\"0.0101[本人]:郵便番号 の形式が正しくありません。\""
  },
  {
    "time": "2024-06-13T11:09:50.239Z",
    "from": "192.168.0.4",
    "originalUrl": "/sync",
    "method": "POST",
    "body": {
      "record_url": "https://nkr-group.cybozu.com/k/3202/show#record=245&l.view=6128448&l.q&l.sort_0=f2223&l.order_0=DESC&l.next=244&l.prev=0&mode=show"
    },
    "referrer": "https://nkr-group.cybozu.com/",
    "statusCode": 200,
    "res": {
      "レコード番号": {
        "type": "RECORD_NUMBER",
        "value": "245"
      },
      "離職理由": {
        "type": "DROP_DOWN",
        "value": null
      },
      "具体的な離職理由": {
        "type": "SINGLE_LINE_TEXT",
        "value": ""
      },
      "住所4カナ": {
        "type": "SINGLE_LINE_TEXT",
        "value": ""
      },
      "担当者名": {
        "type": "SINGLE_LINE_TEXT",
        "value": ""
      },
      "前職退職日": {
        "type": "DATE",
        "value": null
      },
      "役職": {
        "type": "SINGLE_LINE_TEXT",
        "value": ""
      },
      "ミドルネームビジネスカナ": {
        "type": "SINGLE_LINE_TEXT",
        "value": ""
      },
      "離職後の住所": {
        "type": "SINGLE_LINE_TEXT",
        "value": ""
      },
      "会社レコード番号": {
        "type": "NUMBER",
        "value": ""
      },
      "連絡の添付ファイル": {
        "type": "FILE",
        "value": []
      },
      "通勤経路情報": {
        "type": "SUBTABLE",
        "value": [
          {
            "id": "2282514",
            "value": {
              "通勤手段": {
                "type": "DROP_DOWN",
                "value": null
              },
              "定期券期間": {
                "type": "RADIO_BUTTON",
                "value": "１か月"
              },
              "片道距離": {
                "type": "SINGLE_LINE_TEXT",
                "value": ""
              },
              "乗車駅": {
                "type": "SINGLE_LINE_TEXT",
                "value": ""
              },
              "片道運賃": {
                "type": "SINGLE_LINE_TEXT",
                "value": ""
              },
              "所要時間": {
                "type": "SINGLE_LINE_TEXT",
                "value": ""
              },
              "定期代": {
                "type": "SINGLE_LINE_TEXT",
                "value": ""
              },
              "降車駅": {
                "type": "SINGLE_LINE_TEXT",
                "value": ""
              }
            }
          }
        ]
      },
      "前職者源泉徴収票": {
        "type": "FILE",
        "value": []
      },
      "契約期間": {
        "type": "DROP_DOWN",
        "value": null
      },
      "この連絡は": {
        "type": "RADIO_BUTTON",
        "value": "既存連絡の追加・修正"
      },
      "在留カードナンバー": {
        "type": "SINGLE_LINE_TEXT",
        "value": ""
      },
      "会社名": {
        "type": "SINGLE_LINE_TEXT",
        "value": "株式会社小林商事"
      },
      "生年月日年_0": {
        "type": "DROP_DOWN",
        "value": null
      },
      "契約開始日": {
        "type": "DATE",
        "value": null
      },
      "在留期間": {
        "type": "DATE",
        "value": null
      },
      "ミドルネームビジネス": {
        "type": "SINGLE_LINE_TEXT",
        "value": ""
      },
      "個人メールアドレス": {
        "type": "SINGLE_LINE_TEXT",
        "value": ""
      },
      "連絡元レコードURL": {
        "type": "LINK",
        "value": ""
      },
      "電話番号2": {
        "type": "SINGLE_LINE_TEXT",
        "value": ""
      },
      "障害者区分": {
        "type": "DROP_DOWN",
        "value": null
      },
      "在留資格": {
        "type": "DROP_DOWN",
        "value": null
      },
      "一回の契約期間": {
        "type": "SINGLE_LINE_TEXT",
        "value": ""
      },
      "就労制限の有無": {
        "type": "DROP_DOWN",
        "value": null
      },
      "雇保喪失年月日": {
        "type": "DATE",
        "value": null
      },
      "基礎年金番号無しチェック": {
        "type": "CHECK_BOX",
        "value": []
      },
      "携帯番号": {
        "type": "SINGLE_LINE_TEXT",
        "value": "000-0000-0009"
      },
      "$id": {
        "type": "__ID__",
        "value": "245"
      },
      "雇用保険番号有無_radioBotton": {
        "type": "RADIO_BUTTON",
        "value": "雇用保険番号あり"
      },
      "名ビジネス": {
        "type": "SINGLE_LINE_TEXT",
        "value": ""
      },
      "照会履歴": {
        "type": "SUBTABLE",
        "value": [
          {
            "id": "2282511",
            "value": {
              "照会者": {
                "type": "SINGLE_LINE_TEXT",
                "value": ""
              },
              "照会日時": {
                "type": "SINGLE_LINE_TEXT",
                "value": ""
              }
            }
          }
        ]
      },
      "離職票交付": {
        "type": "DROP_DOWN",
        "value": null
      },
      "通算の契約期間": {
        "type": "SINGLE_LINE_TEXT",
        "value": ""
      },
      "姓ビジネス": {
        "type": "SINGLE_LINE_TEXT",
        "value": ""
      },
      "血液型": {
        "type": "DROP_DOWN",
        "value": null
      },
      "入社時社会保険": {
        "type": "RADIO_BUTTON",
        "value": "加入しない"
      },
      "１ヶ月の賃金見込額": {
        "type": "SINGLE_LINE_TEXT",
        "value": ""
      },
      "本人確認書類": {
        "type": "FILE",
        "value": []
      },
      "ビジネスメールアドレス": {
        "type": "SINGLE_LINE_TEXT",
        "value": ""
      },
      "社員補助No": {
        "type": "SINGLE_LINE_TEXT",
        "value": ""
      },
      "作成者": {
        "type": "CREATOR",
        "value": {
          "code": "j-uchimi",
          "name": "内海"
        }
      },
      "雇用形態": {
        "type": "SINGLE_LINE_TEXT",
        "value": ""
      },
      "生年月日日_0": {
        "type": "DROP_DOWN",
        "value": null
      },
      "更新日時": {
        "type": "UPDATED_TIME",
        "value": "2024-06-13T02:09:00Z"
      },
      "_401k加入有無": {
        "type": "RADIO_BUTTON",
        "value": "無"
      },
      "本人マイナンバー結果": {
        "type": "SINGLE_LINE_TEXT",
        "value": "マイナンバーは「未入力」"
      },
      "顧問先背番号": {
        "type": "SINGLE_LINE_TEXT",
        "value": ""
      },
      "ミドルネーム戸籍カナ": {
        "type": "SINGLE_LINE_TEXT",
        "value": ""
      },
      "姓戸籍": {
        "type": "SINGLE_LINE_TEXT",
        "value": "内海"
      },
      "退職年月日": {
        "type": "DATE",
        "value": null
      },
      "契約終了日": {
        "type": "DATE",
        "value": null
      },
      "メイビジネスカナ": {
        "type": "SINGLE_LINE_TEXT",
        "value": ""
      },
      "生年月日": {
        "type": "SINGLE_LINE_TEXT",
        "value": "19990818"
      },
      "雇用契約書最終を添付": {
        "type": "FILE",
        "value": []
      },
      "基礎年金番号": {
        "type": "SINGLE_LINE_TEXT",
        "value": ""
      },
      "性別戸籍": {
        "type": "DROP_DOWN",
        "value": "男"
      },
      "週所定労働時間": {
        "type": "SINGLE_LINE_TEXT",
        "value": ""
      },
      "職種": {
        "type": "SINGLE_LINE_TEXT",
        "value": ""
      },
      "住所2カナ": {
        "type": "SINGLE_LINE_TEXT",
        "value": ""
      },
      "本人マイナンバー": {
        "type": "SINGLE_LINE_TEXT",
        "value": ""
      },
      "生年月日月_0": {
        "type": "DROP_DOWN",
        "value": null
      },
      "誓約書・雇用契約書等": {
        "type": "FILE",
        "value": []
      },
      "雇用保険番号": {
        "type": "SINGLE_LINE_TEXT",
        "value": ""
      },
      "備考メッセージ": {
        "type": "MULTI_LINE_TEXT",
        "value": ""
      },
      "緊急連絡先": {
        "type": "SUBTABLE",
        "value": [
          {
            "id": "2282512",
            "value": {
              "緊急連絡先姓カナ": {
                "type": "SINGLE_LINE_TEXT",
                "value": ""
              },
              "緊急連絡先名カナ": {
                "type": "SINGLE_LINE_TEXT",
                "value": ""
              },
              "電話番号予備": {
                "type": "SINGLE_LINE_TEXT",
                "value": ""
              },
              "続柄": {
                "type": "SINGLE_LINE_TEXT",
                "value": ""
              },
              "緊急連絡先名": {
                "type": "SINGLE_LINE_TEXT",
                "value": ""
              },
              "住所": {
                "type": "SINGLE_LINE_TEXT",
                "value": ""
              },
              "電話番号": {
                "type": "SINGLE_LINE_TEXT",
                "value": ""
              },
              "緊急連絡先姓": {
                "type": "SINGLE_LINE_TEXT",
                "value": ""
              }
            }
          }
        ]
      },
      "離職票送り先": {
        "type": "DROP_DOWN",
        "value": null
      },
      "NKR担当者": {
        "type": "SINGLE_LINE_TEXT",
        "value": ""
      },
      "雇用保険_社会保険の加入_脱退の場合": {
        "type": "RADIO_BUTTON",
        "value": "変更なし"
      },
      "給与形態": {
        "type": "DROP_DOWN",
        "value": null
      },
      "名戸籍": {
        "type": "SINGLE_LINE_TEXT",
        "value": "テスト2"
      },
      "在留カード所有": {
        "type": "CHECK_BOX",
        "value": []
      },
      "郵便番号": {
        "type": "SINGLE_LINE_TEXT",
        "value": "1640001"
      },
      "マイページURL": {
        "type": "LINK",
        "value": ""
      },
      "外国人": {
        "type": "DROP_DOWN",
        "value": null
      },
      "入社年月日": {
        "type": "DATE",
        "value": "2024-06-05"
      },
      "住所2": {
        "type": "SINGLE_LINE_TEXT",
        "value": ""
      },
      "住所1": {
        "type": "SINGLE_LINE_TEXT",
        "value": ""
      },
      "住所4": {
        "type": "SINGLE_LINE_TEXT",
        "value": ""
      },
      "入社時雇用保険": {
        "type": "RADIO_BUTTON",
        "value": "加入しない"
      },
      "住所3": {
        "type": "SINGLE_LINE_TEXT",
        "value": ""
      },
      "セイ戸籍カナ": {
        "type": "SINGLE_LINE_TEXT",
        "value": "ウチミ"
      },
      "枝番号": {
        "type": "SINGLE_LINE_TEXT",
        "value": ""
      },
      "顔写真": {
        "type": "FILE",
        "value": []
      },
      "作成日時": {
        "type": "CREATED_TIME",
        "value": "2024-06-12T00:53:00Z"
      },
      "連絡種別": {
        "type": "RADIO_BUTTON",
        "value": "入社連絡"
      },
      "基礎年金番号有無": {
        "type": "RADIO_BUTTON",
        "value": "基礎年金番号あり"
      },
      "社会保険取得年月日": {
        "type": "DATE",
        "value": null
      },
      "退職願を添付": {
        "type": "FILE",
        "value": []
      },
      "更新者": {
        "type": "MODIFIER",
        "value": {
          "code": "j-uchimi",
          "name": "内海"
        }
      },
      "前職名": {
        "type": "SINGLE_LINE_TEXT",
        "value": ""
      },
      "台帳番号": {
        "type": "NUMBER",
        "value": ""
      },
      "メイ戸籍カナ": {
        "type": "SINGLE_LINE_TEXT",
        "value": "テストツー"
      },
      "社保喪失年月日": {
        "type": "DATE",
        "value": null
      },
      "住所3カナ": {
        "type": "SINGLE_LINE_TEXT",
        "value": ""
      },
      "健康保険任意継続": {
        "type": "DROP_DOWN",
        "value": null
      },
      "在籍状況": {
        "type": "DROP_DOWN",
        "value": "内定者"
      },
      "ミドルネーム戸籍": {
        "type": "SINGLE_LINE_TEXT",
        "value": ""
      },
      "給与振込口座情報": {
        "type": "SUBTABLE",
        "value": [
          {
            "id": "2282513",
            "value": {
              "支店コード": {
                "type": "SINGLE_LINE_TEXT",
                "value": ""
              },
              "支店名": {
                "type": "SINGLE_LINE_TEXT",
                "value": ""
              },
              "口座番号": {
                "type": "SINGLE_LINE_TEXT",
                "value": ""
              },
              "金融機関コード": {
                "type": "SINGLE_LINE_TEXT",
                "value": ""
              },
              "預金種別": {
                "type": "DROP_DOWN",
                "value": null
              },
              "金融機関名": {
                "type": "SINGLE_LINE_TEXT",
                "value": ""
              },
              "口座名義": {
                "type": "SINGLE_LINE_TEXT",
                "value": ""
              }
            }
          }
        ]
      },
      "check_box": {
        "type": "CHECK_BOX",
        "value": []
      },
      "ローマ字": {
        "type": "SINGLE_LINE_TEXT",
        "value": ""
      },
      "所属事業所": {
        "type": "SINGLE_LINE_TEXT",
        "value": ""
      },
      "労働者の意思表示": {
        "type": "DROP_DOWN",
        "value": null
      },
      "扶養控除等申告書": {
        "type": "FILE",
        "value": []
      },
      "派遣・請負の区分": {
        "type": "DROP_DOWN",
        "value": null
      },
      "契約の更新回数": {
        "type": "SINGLE_LINE_TEXT",
        "value": ""
      },
      "契約更新条項の有無": {
        "type": "RADIO_BUTTON",
        "value": "あり"
      },
      "社員No": {
        "type": "SINGLE_LINE_TEXT",
        "value": "0.0101"
      },
      "前回の契約更新時に次回の更新について": {
        "type": "DROP_DOWN",
        "value": null
      },
      "担当者メールアドレス": {
        "type": "SINGLE_LINE_TEXT",
        "value": ""
      },
      "$revision": {
        "type": "__REVISION__",
        "value": "12"
      },
      "雇用保険取得年月日": {
        "type": "DATE",
        "value": null
      },
      "被保険者整理番号": {
        "type": "SINGLE_LINE_TEXT",
        "value": ""
      },
      "資格外活動の許可": {
        "type": "DROP_DOWN",
        "value": null
      },
      "NKRメールアドレス": {
        "type": "SINGLE_LINE_TEXT",
        "value": ""
      },
      "セイビジネスカナ": {
        "type": "SINGLE_LINE_TEXT",
        "value": ""
      },
      "国籍": {
        "type": "SINGLE_LINE_TEXT",
        "value": ""
      },
      "識別コード": {
        "type": "SINGLE_LINE_TEXT",
        "value": ""
      },
      "履歴書・職務経歴書等": {
        "type": "FILE",
        "value": []
      }
    }
  }
]