[
  {
    "time": "2024-06-03T17:11:43.779Z",
    "from": "172.17.144.1",
    "originalUrl": "/",
    "method": "GET",
    "body": {},
    "referrer": "https://nkr-group.cybozu.com/",
    "res": "endpoint=/ is not defined in server",
    "statusCode": 404
  },
  {
    "time": "2024-06-03T17:11:45.950Z",
    "from": "172.17.144.1",
    "originalUrl": "/sync",
    "method": "POST",
    "body": {
      "record_url": "https://nkr-group.cybozu.com/k/1240/show#record=8835&l.sort_0=f2223&l.order_0=desc&l.size=ks1&l.view=6142425&l.q=f6135838%2520like%2520%2522%25E3%2583%25AC%25E3%2583%25B3%25E3%2582%25B7%25E3%2583%25A5%25E3%2582%25A6%2522"
    },
    "referrer": "https://nkr-group.cybozu.com/",
    "statusCode": 500,
    "res": "record is not defined"
  },
  {
    "time": "2024-06-03T17:11:51.337Z",
    "from": "172.17.144.1",
    "originalUrl": "/",
    "method": "GET",
    "body": {},
    "referrer": "https://nkr-group.cybozu.com/",
    "res": "endpoint=/ is not defined in server",
    "statusCode": 404
  },
  {
    "time": "2024-06-03T17:11:55.529Z",
    "from": "172.17.144.1",
    "originalUrl": "/sync",
    "method": "POST",
    "body": {
      "record_url": "https://nkr-group.cybozu.com/k/1240/show#record=10130&l.sort_0=f2227&l.order_0=desc&l.q=f6138560%20%3D%20%22https%3A%2F%2Fnkr-group.cybozu.com%2Fk%2Fguest%2F237%2F1582%2Fshow%23record%3D190%22"
    },
    "referrer": "https://nkr-group.cybozu.com/",
    "statusCode": 500,
    "res": "record is not defined"
  },
  {
    "time": "2024-06-03T17:13:40.082Z",
    "from": "172.17.144.1",
    "originalUrl": "/sync",
    "method": "POST",
    "body": {
      "record_url": "https://nkr-group.cybozu.com/k/1240/show#record=10130&l.sort_0=f2227&l.order_0=desc&l.q=f6138560%20%3D%20%22https%3A%2F%2Fnkr-group.cybozu.com%2Fk%2Fguest%2F237%2F1582%2Fshow%23record%3D190%22"
    },
    "referrer": "https://nkr-group.cybozu.com/",
    "statusCode": 500,
    "res": "record is not defined"
  },
  {
    "time": "2024-06-03T17:13:59.486Z",
    "from": "172.17.144.1",
    "originalUrl": "/sync",
    "method": "POST",
    "body": {
      "record_url": "https://nkr-group.cybozu.com/k/3698/show#record=232&l.view=6128448&l.q&l.sort_0=f2223&l.order_0=DESC&l.next=231&l.prev=0"
    },
    "referrer": "https://nkr-group.cybozu.com/",
    "statusCode": 500,
    "res": "record is not defined"
  },
  {
    "time": "2024-06-03T17:14:10.510Z",
    "from": "172.17.144.1",
    "originalUrl": "/sync",
    "method": "POST",
    "body": {
      "record_url": "https://nkr-group.cybozu.com/k/1240/show#record=10130&l.sort_0=f2227&l.order_0=desc&l.q=f6138560%20%3D%20%22https%3A%2F%2Fnkr-group.cybozu.com%2Fk%2Fguest%2F237%2F1582%2Fshow%23record%3D190%22"
    },
    "referrer": "https://nkr-group.cybozu.com/",
    "statusCode": 500,
    "res": "record is not defined"
  }
]