[
  {
    "time": "2024-06-12T08:58:34.163Z",
    "from": "172.24.16.1",
    "originalUrl": "/",
    "method": "GET",
    "body": {},
    "referrer": "https://nkr-group.cybozu.com/",
    "res": "endpoint=/ is not defined in server",
    "statusCode": 404
  },
  {
    "time": "2024-06-12T08:58:34.190Z",
    "from": "172.24.16.1",
    "originalUrl": "/favicon.ico",
    "method": "GET",
    "body": {},
    "referrer": "https://172.24.16.1:3000/",
    "res": "endpoint=/favicon.ico is not defined in server",
    "statusCode": 404
  },
  {
    "time": "2024-06-12T08:58:35.811Z",
    "from": "172.24.16.1",
    "originalUrl": "/sync",
    "method": "POST",
    "body": {
      "record_url": "https://nkr-group.cybozu.com/k/3202/show#record=243&l.view=6128448&l.q&l.sort_0=f2223&l.order_0=DESC&l.next=242&l.prev=0"
    },
    "referrer": "https://nkr-group.cybozu.com/",
    "statusCode": 500,
    "res": "Cannot read properties of undefined (reading 'value')"
  },
  {
    "time": "2024-06-12T09:00:27.022Z",
    "from": "172.24.16.1",
    "originalUrl": "/sync",
    "method": "POST",
    "body": {
      "record_url": "https://nkr-group.cybozu.com/k/3202/show#record=243&l.view=6128448&l.q&l.sort_0=f2223&l.order_0=DESC&l.next=242&l.prev=0"
    },
    "referrer": "https://nkr-group.cybozu.com/",
    "statusCode": 500,
    "res": "Cannot read properties of undefined (reading 'value')"
  },
  {
    "time": "2024-06-12T09:09:25.625Z",
    "from": "172.24.16.1",
    "originalUrl": "/sync",
    "method": "POST",
    "body": {
      "record_url": "https://nkr-group.cybozu.com/k/3202/show#record=243&l.view=6128448&l.q&l.sort_0=f2223&l.order_0=DESC&l.next=242&l.prev=0"
    },
    "referrer": "https://nkr-group.cybozu.com/",
    "statusCode": 500,
    "res": "Cannot read properties of undefined (reading 'value')"
  }
]